1555785002,30.0,5.098901271820068,-1.6160000562667847,3.0,False,0.0,0.0,0.0,0.0,0.0,0.0,False,False
1555785003,30.0,0.0,-1.7480000257492065,3.0,False,0.0,0.0,0.0,0.0,0.0,0.0,False,False
1555785003,30.0,0.0,-1.808000087738037,3.0,False,0.0,0.0,0.0,0.0,0.0,0.0,False,False
1555785003,30.0,0.0,-1.808000087738037,3.0,False,0.0,0.0,0.0,0.0,0.0,0.0,False,False
1555785004,30.0,0.0,-1.808000087738037,3.0,False,0.0,0.0,0.0,0.0,0.0,0.0,False,False
1555785004,30.0,0.0,-1.8040001392364502,3.0,False,0.0,0.0,0.0,0.0,0.0,0.0,False,False
1555785004,30.0,0.0,-1.808000087738037,3.0,False,0.0,0.0,0.0,0.0,0.0,0.0,False,False
1555785004,30.0,0.0,-1.8040001392364502,3.0,False,0.0,0.0,0.0,0.0,0.0,0.0,False,False
1555785005,30.0,0.0,-1.808000087738037,3.0,False,0.0,0.0,0.0,0.0,0.0,0.0,False,False
1555785005,30.0,0.0,-1.8040001392364502,3.0,False,0.0,0.0,0.0,0.0,0.0,0.0,False,False
1555785005,30.0,0.0,-1.8040001392364502,3.0,False,0.0,0.0,0.0,0.0,0.0,0.0,False,False
1555785005,30.0,0.0,-1.808000087738037,3.0,False,0.0,0.0,0.0,0.0,0.0,0.0,False,False
1555785006,30.0,0.0,-1.8040001392364502,3.0,False,0.0,0.0,0.0,0.0,0.0,0.0,False,False
1555785006,30.0,0.0,-1.8040001392364502,3.0,False,0.0,0.0,0.0,0.0,0.0,0.0,False,False
1555785006,30.0,0.0,-1.8000000715255737,3.0,False,0.0,0.0,0.0,0.0,0.0,0.0,False,False
1555785006,30.0,0.0,-1.808000087738037,3.0,False,0.0,0.0,0.0,0.0,0.0,0.0,False,False
1555785007,30.0,0.0,-1.808000087738037,3.0,False,0.0,0.0,0.0,0.0,0.0,0.0,False,False
1555785007,30.0,0.0,-1.808000087738037,3.0,False,0.0,0.0,0.0,0.0,0.0,0.0,False,False
1555785007,30.0,0.0,-1.808000087738037,3.0,False,0.0,0.0,0.0,0.0,0.0,0.0,False,False
1555785007,30.0,0.0,-1.808000087738037,3.0,False,0.0,0.0,0.0,0.0,0.0,0.0,False,False
1555785008,30.0,0.0,-1.8040001392364502,3.0,False,0.0,0.0,0.0,0.0,0.0,0.0,False,False
1555785008,30.0,0.0,-1.812000036239624,3.0,False,0.0,0.0,0.0,0.0,0.0,0.0,False,False
1555785008,30.0,0.0,-1.8040001392364502,3.0,False,0.0,0.0,0.0,0.0,0.0,0.0,False,False
1555785008,30.0,0.0,-1.808000087738037,3.0,False,0.0,0.0,0.0,0.0,0.0,0.0,False,False
1555785009,30.0,0.0,-1.808000087738037,3.0,False,0.0,0.0,0.0,0.0,0.0,0.0,False,False
1555785009,30.0,0.0,-1.75600004196167,3.0,False,0.0,0.0,0.0,0.0,0.0,0.0,False,False
1555785009,30.0,0.0,-1.7680001258850098,3.0,False,0.0,0.0,0.0,0.0,0.0,0.0,False,False
1555785009,30.0,0.0,-1.75600004196167,3.0,False,0.0,0.0,0.0,0.0,0.0,0.0,False,False
1555785010,30.0,0.0,-1.7720000743865967,3.0,False,0.0,0.0,0.0,0.0,0.0,0.0,False,False
1555785010,30.0,0.0,-1.75600004196167,3.0,False,0.0,0.0,0.0,0.0,0.0,0.0,False,False
1555785010,30.0,0.0,-1.7680001258850098,3.0,False,0.0,0.0,0.0,0.0,0.0,0.0,False,False
1555785011,30.0,0.0,-1.7680001258850098,3.0,False,0.0,0.0,0.0,0.0,0.0,0.0,False,False
1555785011,30.0,0.0,-1.7640000581741333,3.0,False,0.0,0.0,0.0,0.0,0.0,0.0,False,False
1555785011,30.0,0.0,-1.75600004196167,3.0,False,0.0,0.0,0.0,0.0,0.0,0.0,False,False
1555785011,30.0,0.0,-1.7640000581741333,3.0,False,0.0,0.0,0.0,0.0,0.0,0.0,False,False
1555785012,30.0,0.0,-1.7680001258850098,3.0,False,0.0,0.0,0.0,0.0,0.0,0.0,False,False
1555785012,30.0,0.0,-1.7680001258850098,3.0,False,0.0,0.0,0.0,0.0,0.0,0.0,False,False
1555785012,30.0,0.0,-1.7680001258850098,3.0,False,0.0,0.0,0.0,0.0,0.0,0.0,False,False
1555785012,30.0,0.0,-1.808000087738037,3.0,False,0.0,0.0,0.0,0.0,0.0,0.0,False,False
1555785013,30.0,0.0,-1.7880001068115234,3.0,False,0.0,0.0,0.0,0.0,0.0,0.0,False,False
1555785013,30.0,0.0,-1.7960001230239868,3.0,False,0.0,0.0,0.0,0.0,0.0,0.0,False,False
1555785013,30.0,0.0,-1.784000039100647,3.0,False,0.0,0.0,0.0,0.0,0.0,0.0,False,False
1555785013,30.0,0.0,-1.808000087738037,3.0,False,0.0,0.0,0.0,0.0,0.0,0.0,False,False
1555785014,30.0,0.0,-1.808000087738037,3.0,False,0.0,0.0,0.0,0.0,0.0,0.0,False,False
1555785014,30.0,0.0,-1.7920000553131104,3.0,False,0.0,0.0,0.0,0.0,0.0,0.0,False,False
1555785014,30.0,0.0,-1.784000039100647,3.0,False,0.0,0.0,0.0,0.0,0.0,0.0,False,False
1555785014,30.0,0.0,-1.7680001258850098,3.0,False,0.0,0.0,0.0,0.0,0.0,0.0,False,False
1555785015,30.0,0.0,-1.7680001258850098,3.0,False,0.0,0.0,0.0,0.0,0.0,0.0,False,False
1555785015,30.0,0.0,-1.8000000715255737,3.0,False,0.0,0.0,0.0,0.0,0.0,0.0,False,False
1555785015,30.0,0.0,-1.78000009059906,3.0,False,0.0,0.0,0.0,0.0,0.0,0.0,False,False
1555785016,30.0,0.0,-1.7720000743865967,3.0,False,0.0,0.0,0.0,0.0,0.0,0.0,False,False
1555785016,30.0,0.0,-1.78000009059906,3.0,False,0.0,0.0,0.0,0.0,0.0,0.0,False,False
1555785016,30.0,0.0,-1.78000009059906,3.0,False,0.0,0.0,0.0,0.0,0.0,0.0,False,False
1555785016,30.0,0.0,-1.78000009059906,3.0,False,0.0,0.0,0.0,0.0,0.0,0.0,False,False
1555785017,30.0,0.0,-1.78000009059906,3.0,False,0.0,0.0,0.0,0.0,0.0,0.0,False,False
1555785017,30.0,0.0,-1.7680001258850098,3.0,False,0.0,0.0,0.0,0.0,0.0,0.0,False,False
1555785017,30.0,0.0,-1.7680001258850098,3.0,False,0.0,0.0,0.0,0.0,0.0,0.0,False,False
1555785017,30.0,0.0,-1.7640000581741333,3.0,False,0.0,0.0,0.0,0.0,0.0,0.0,False,False
1555785018,30.0,0.0,-1.7680001258850098,3.0,False,0.0,0.0,0.0,0.0,0.0,0.0,False,False
1555785018,30.0,0.0,-1.7640000581741333,3.0,False,0.0,0.0,0.0,0.0,0.0,0.0,False,False
1555785018,30.0,0.0,-1.7640000581741333,3.0,False,0.0,0.0,0.0,0.0,0.0,0.0,False,False
1555785018,30.0,0.0,-1.7680001258850098,3.0,False,0.0,0.0,0.0,0.0,0.0,0.0,False,False
1555785019,30.0,0.0,-1.7600001096725464,3.0,False,0.0,0.0,0.0,0.0,0.0,0.0,False,False
1555785019,30.0,0.0,-1.7680001258850098,3.0,False,0.0,0.0,0.0,0.0,0.0,0.0,False,False
1555785019,30.0,0.0,-1.7680001258850098,3.0,False,0.0,0.0,0.0,0.0,0.0,0.0,False,False
1555785019,30.0,0.0,-1.75600004196167,3.0,False,0.0,0.0,0.0,0.0,0.0,0.0,False,False
1555785020,30.0,0.0,-1.7640000581741333,3.0,False,0.0,0.0,0.0,0.0,0.0,0.0,False,False
1555785020,30.0,0.0,-1.75600004196167,3.0,False,0.0,0.0,0.0,0.0,0.0,0.0,False,False
1555785020,30.0,0.0,-1.7640000581741333,3.0,False,0.0,0.0,0.0,0.0,0.0,0.0,False,False
1555785021,30.0,0.0,-1.7640000581741333,3.0,False,0.0,0.0,0.0,0.0,0.0,0.0,False,False
1555785021,30.0,0.0,-1.7600001096725464,3.0,False,0.0,0.0,0.0,0.0,0.0,0.0,False,False
1555785021,30.0,0.0,-1.7720000743865967,3.0,False,0.0,0.0,0.0,0.0,0.0,0.0,False,False
1555785021,30.0,0.0,-1.7640000581741333,3.0,False,0.0,0.0,0.0,0.0,0.0,0.0,False,False
1555785022,30.0,0.0,-1.7640000581741333,3.0,False,0.0,0.0,0.0,0.0,0.0,0.0,False,False
1555785022,30.0,0.0,-1.7640000581741333,3.0,False,0.0,0.0,0.0,0.0,0.0,0.0,False,False
1555785022,30.0,0.0,-1.7680001258850098,3.0,False,0.0,0.0,0.0,0.0,0.0,0.0,False,False
1555785022,30.0,0.0,-1.7640000581741333,3.0,False,0.0,0.0,0.0,0.0,0.0,0.0,False,False
1555785023,30.0,0.0,-1.7600001096725464,3.0,False,0.0,0.0,0.0,0.0,0.0,0.0,False,False
1555785023,30.0,0.0,-1.7640000581741333,3.0,False,0.0,0.0,0.0,0.0,0.0,0.0,False,False
1555785023,30.0,0.0,-1.7680001258850098,3.0,False,0.0,0.0,0.0,0.0,0.0,0.0,False,False
1555785023,30.0,0.0,-1.7720000743865967,3.0,False,0.0,0.0,0.0,0.0,0.0,0.0,False,False
1555785024,30.0,0.0,-1.752000093460083,3.0,False,0.0,0.0,0.0,0.0,0.0,0.0,False,False
1555785024,30.0,0.0,-1.75600004196167,3.0,False,0.0,0.0,0.0,0.0,0.0,0.0,False,False
1555785024,30.0,0.0,-1.7600001096725464,3.0,False,0.0,0.0,0.0,0.0,0.0,0.0,False,False
1555785024,30.0,0.0,-1.7640000581741333,3.0,False,0.0,0.0,0.0,0.0,0.0,0.0,False,False
1555785025,30.0,0.0,-1.7680001258850098,3.0,False,0.0,0.0,0.0,0.0,0.0,0.0,False,False
1555785025,30.0,0.0,-1.7640000581741333,3.0,False,0.0,0.0,0.0,0.0,0.0,0.0,False,False
1555785025,30.0,0.0,-1.7680001258850098,3.0,False,0.0,0.0,0.0,0.0,0.0,0.0,False,False
1555785025,30.0,0.0,-1.75600004196167,3.0,False,0.0,0.0,0.0,0.0,0.0,0.0,False,False
1555785026,30.0,0.0,-1.7640000581741333,3.0,False,0.0,0.0,0.0,0.0,0.0,0.0,False,False
1555785026,30.0,0.0,-1.7600001096725464,3.0,False,0.0,0.0,0.0,0.0,0.0,0.0,False,False
1555785026,30.0,0.0,-1.7600001096725464,3.0,False,0.0,0.0,0.0,0.0,0.0,0.0,False,False
1555785027,30.0,0.0,-1.752000093460083,3.0,False,0.0,0.0,0.0,0.0,0.0,0.0,False,False
1555785027,30.0,0.0,-1.7600001096725464,3.0,False,0.0,0.0,0.0,0.0,0.0,0.0,False,False
1555785027,30.0,0.0,-1.7680001258850098,3.0,False,0.0,0.0,0.0,0.0,0.0,0.0,False,False
1555785027,30.0,0.0,-1.7640000581741333,3.0,False,0.0,0.0,0.0,0.0,0.0,0.0,False,False
1555785028,30.0,0.0,-1.7640000581741333,3.0,False,0.0,0.0,0.0,0.0,0.0,0.0,False,False
1555785028,30.0,0.0,-1.7640000581741333,3.0,False,0.0,0.0,0.0,0.0,0.0,0.0,False,False
1555785028,30.0,0.0,-1.7640000581741333,3.0,False,0.0,0.0,0.0,0.0,0.0,0.0,False,False
1555785028,30.0,0.0,-1.7440000772476196,3.0,False,0.0,0.0,0.0,0.0,0.0,0.0,False,False
1555785029,30.0,0.0,-1.7640000581741333,3.0,False,0.0,0.0,0.0,0.0,0.0,0.0,False,False
1555785029,30.0,0.0,-1.75600004196167,3.0,False,0.0,0.0,0.0,0.0,0.0,0.0,False,False
1555785029,30.0,0.0,-1.75600004196167,3.0,False,0.0,0.0,0.0,0.0,0.0,0.0,False,False
1555785029,30.0,0.0,-1.7600001096725464,3.0,False,0.0,0.0,0.0,0.0,0.0,0.0,False,False
1555785030,30.0,0.0,-1.7600001096725464,3.0,False,0.0,0.0,0.0,0.0,0.0,0.0,False,False
1555785030,30.0,0.0,-1.7680001258850098,3.0,False,0.0,0.0,0.0,0.0,0.0,0.0,False,False
1555785030,30.0,0.0,-1.78000009059906,3.0,False,0.0,0.0,0.0,0.0,0.0,0.0,False,False
1555785030,30.0,0.0,-1.752000093460083,3.0,False,0.0,0.0,0.0,0.0,0.0,0.0,False,False
1555785031,30.0,0.0,-1.7640000581741333,3.0,False,0.0,0.0,0.0,0.0,0.0,0.0,False,False
1555785031,30.0,0.0,-1.752000093460083,3.0,False,0.0,0.0,0.0,0.0,0.0,0.0,False,False
1555785031,30.0,0.0,-1.7640000581741333,3.0,False,0.0,0.0,0.0,0.0,0.0,0.0,False,False
1555785031,30.0,0.0,-1.75600004196167,3.0,False,0.0,0.0,0.0,0.0,0.0,0.0,False,False
1555785032,30.0,0.0,-1.7480000257492065,3.0,False,0.0,0.0,0.0,0.0,0.0,0.0,False,False
1555785032,30.0,0.0,-1.7640000581741333,3.0,False,0.0,0.0,0.0,0.0,0.0,0.0,False,False
1555785032,30.0,0.0,-1.7640000581741333,3.0,False,0.0,0.0,0.0,0.0,0.0,0.0,False,False
1555785032,30.0,0.0,-1.78000009059906,3.0,False,0.0,0.0,0.0,0.0,0.0,0.0,False,False
1555785033,30.0,0.0,-1.7640000581741333,3.0,False,0.0,0.0,0.0,0.0,0.0,0.0,False,False
1555785033,30.0,0.0,-1.7720000743865967,3.0,False,0.0,0.0,0.0,0.0,0.0,0.0,False,False
1555785033,30.0,0.0,-1.7640000581741333,3.0,False,0.0,0.0,0.0,0.0,0.0,0.0,False,False
1555785033,30.0,0.0,-1.7640000581741333,3.0,False,0.0,0.0,0.0,0.0,0.0,0.0,False,False
1555785034,30.0,0.0,-1.7640000581741333,3.0,False,0.0,0.0,0.0,0.0,0.0,0.0,False,False
1555785034,30.0,0.0,-1.7640000581741333,3.0,False,0.0,0.0,0.0,0.0,0.0,0.0,False,False
1555785034,30.0,0.0,-1.7640000581741333,3.0,False,0.0,0.0,0.0,0.0,0.0,0.0,False,False
1555785035,30.0,0.0,-1.75600004196167,3.0,False,0.0,0.0,0.0,0.0,0.0,0.0,False,False
1555785035,30.0,0.0,-1.75600004196167,3.0,False,0.0,0.0,0.0,0.0,0.0,0.0,False,False
1555785035,30.0,0.0,-1.75600004196167,3.0,False,0.0,0.0,0.0,0.0,0.0,0.0,False,False
1555785035,30.0,0.0,-1.7680001258850098,3.0,False,0.0,0.0,0.0,0.0,0.0,0.0,False,False
1555785036,30.0,0.0,-1.7640000581741333,3.0,False,0.0,0.0,0.0,0.0,0.0,0.0,False,False
1555785036,30.0,0.0,-1.784000039100647,3.0,False,0.0,0.0,0.0,0.0,0.0,0.0,False,False
1555785036,30.0,0.0,-1.75600004196167,3.0,False,0.0,0.0,0.0,0.0,0.0,0.0,False,False
1555785036,30.0,0.0,-1.75600004196167,3.0,False,0.0,0.0,0.0,0.0,0.0,0.0,False,False
1555785037,30.0,0.0,-1.78000009059906,3.0,False,0.0,0.0,0.0,0.0,0.0,0.0,False,False
1555785037,30.0,0.0,-1.7600001096725464,3.0,False,0.0,0.0,0.0,0.0,0.0,0.0,False,False
1555785037,30.0,0.0,-1.7600001096725464,3.0,False,0.0,0.0,0.0,0.0,0.0,0.0,False,False
1555785037,30.0,0.0,-1.75600004196167,3.0,False,0.0,0.0,0.0,0.0,0.0,0.0,False,False
1555785038,30.0,0.0,-1.752000093460083,3.0,False,0.0,0.0,0.0,0.0,0.0,0.0,False,False
1555785038,30.0,0.0,-1.7640000581741333,3.0,False,0.0,0.0,0.0,0.0,0.0,0.0,False,False
1555785038,30.0,0.0,-1.75600004196167,3.0,False,0.0,0.0,0.0,0.0,0.0,0.0,False,False
1555785038,30.0,0.0,-1.7640000581741333,3.0,False,0.0,0.0,0.0,0.0,0.0,0.0,False,False
1555785039,30.0,0.0,-1.75600004196167,3.0,False,0.0,0.0,0.0,0.0,0.0,0.0,False,False
1555785039,30.0,0.0,-1.7600001096725464,3.0,False,0.0,0.0,0.0,0.0,0.0,0.0,False,False
1555785039,30.0,0.0,-1.7680001258850098,3.0,False,0.0,0.0,0.0,0.0,0.0,0.0,False,False
1555785039,30.0,0.0,-1.75600004196167,3.0,False,0.0,0.0,0.0,0.0,0.0,0.0,False,False
1555785040,30.0,0.0,-1.752000093460083,3.0,False,0.0,0.0,0.0,0.0,0.0,0.0,False,False
1555785040,30.0,0.0,-1.7680001258850098,3.0,False,0.0,0.0,0.0,0.0,0.0,0.0,False,False
1555785040,30.0,0.0,-1.7880001068115234,3.0,False,0.0,0.0,0.0,0.0,0.0,0.0,False,False
1555785041,30.0,0.0,-1.752000093460083,3.0,False,0.0,0.0,0.0,0.0,0.0,0.0,False,False
1555785041,30.0,0.0,-1.7640000581741333,3.0,False,0.0,0.0,0.0,0.0,0.0,0.0,False,False
1555785041,30.0,0.0,-1.75600004196167,3.0,False,0.0,0.0,0.0,0.0,0.0,0.0,False,False
1555785041,30.0,0.0,-1.752000093460083,3.0,False,0.0,0.0,0.0,0.0,0.0,0.0,False,False
1555785042,30.0,0.0,-1.752000093460083,3.0,False,0.0,0.0,0.0,0.0,0.0,0.0,False,False
1555785042,30.0,0.0,-1.7680001258850098,3.0,False,0.0,0.0,0.0,0.0,0.0,0.0,False,False
1555785042,30.0,0.0,-1.7480000257492065,3.0,False,0.0,0.0,0.0,0.0,0.0,0.0,False,False
1555785042,30.0,0.0,-1.7600001096725464,3.0,False,0.0,0.0,0.0,0.0,0.0,0.0,False,False
1555785043,30.0,0.0,-1.75600004196167,3.0,False,0.0,0.0,0.0,0.0,0.0,0.0,False,False
1555785043,30.0,0.0,-1.7640000581741333,3.0,False,0.0,0.0,0.0,0.0,0.0,0.0,False,False
1555785043,30.0,0.0,-1.7640000581741333,3.0,False,0.0,0.0,0.0,0.0,0.0,0.0,False,False
1555785043,30.0,0.0,-1.75600004196167,3.0,False,0.0,0.0,0.0,0.0,0.0,0.0,False,False
1555785044,30.0,0.0,-1.7640000581741333,3.0,False,0.0,0.0,0.0,0.0,0.0,0.0,False,False
1555785044,30.0,0.0,-1.7640000581741333,3.0,False,0.0,0.0,0.0,0.0,0.0,0.0,False,False
1555785044,30.0,0.0,-1.75600004196167,3.0,False,0.0,0.0,0.0,0.0,0.0,0.0,False,False
1555785044,30.0,0.0,-1.752000093460083,3.0,False,0.0,0.0,0.0,0.0,0.0,0.0,False,False
1555785045,30.0,0.0,-1.7480000257492065,3.0,False,0.0,0.0,0.0,0.0,0.0,0.0,False,False
1555785045,30.0,0.0,-1.7480000257492065,3.0,False,0.0,0.0,0.0,0.0,0.0,0.0,False,False
1555785045,30.0,0.0,-1.752000093460083,3.0,False,0.0,0.0,0.0,0.0,0.0,0.0,False,False
1555785045,30.0,0.0,-1.752000093460083,3.0,False,0.0,0.0,0.0,0.0,0.0,0.0,False,False
1555785046,30.0,0.0,-1.752000093460083,3.0,False,0.0,0.0,0.0,0.0,0.0,0.0,False,False
1555785046,30.0,0.0,-1.752000093460083,3.0,False,0.0,0.0,0.0,0.0,0.0,0.0,False,False
1555785046,30.0,0.0,-1.752000093460083,3.0,False,0.0,0.0,0.0,0.0,0.0,0.0,False,False
1555785046,30.0,0.0,-1.7440000772476196,3.0,False,0.0,0.0,0.0,0.0,0.0,0.0,False,False
1555785047,30.0,0.0,-1.75600004196167,3.0,False,0.0,0.0,0.0,0.0,0.0,0.0,False,False
1555785047,30.0,0.0,-1.752000093460083,3.0,False,0.0,0.0,0.0,0.0,0.0,0.0,False,False
1555785047,30.0,0.0,-1.7600001096725464,3.0,False,0.0,0.0,0.0,0.0,0.0,0.0,False,False
1555785047,30.0,0.0,-1.75600004196167,3.0,False,0.0,0.0,0.0,0.0,0.0,0.0,False,False
1555785048,30.0,0.0,-1.75600004196167,3.0,False,0.0,0.0,0.0,0.0,0.0,0.0,False,False
1555785048,30.0,0.0,-1.75600004196167,3.0,False,0.0,0.0,0.0,0.0,0.0,0.0,False,False
1555785048,30.0,0.0,-1.7440000772476196,3.0,False,0.0,0.0,0.0,0.0,0.0,0.0,False,False
1555785049,30.0,0.0,-1.7640000581741333,3.0,False,0.0,0.0,0.0,0.0,0.0,0.0,False,False
1555785049,30.0,0.0,-1.7600001096725464,3.0,False,0.0,0.0,0.0,0.0,0.0,0.0,False,False
1555785049,30.0,0.0,-1.752000093460083,3.0,False,0.0,0.0,0.0,0.0,0.0,0.0,False,False
1555785049,30.0,0.0,-1.7600001096725464,3.0,False,0.0,0.0,0.0,0.0,0.0,0.0,False,False
1555785050,30.0,0.0,-1.752000093460083,3.0,False,0.0,0.0,0.0,0.0,0.0,0.0,False,False
1555785050,30.0,0.0,-1.7600001096725464,3.0,False,0.0,0.0,0.0,0.0,0.0,0.0,False,False
1555785050,30.0,0.0,-1.7640000581741333,3.0,False,0.0,0.0,0.0,0.0,0.0,0.0,False,False
1555785050,30.0,0.0,-1.7640000581741333,3.0,False,0.0,0.0,0.0,0.0,0.0,0.0,False,False
1555785051,30.0,0.0,-1.7640000581741333,3.0,False,0.0,0.0,0.0,0.0,0.0,0.0,False,False
1555785051,30.0,0.0,-1.75600004196167,3.0,False,0.0,0.0,0.0,0.0,0.0,0.0,False,False
1555785051,30.0,0.0,-1.7600001096725464,3.0,False,0.0,0.0,0.0,0.0,0.0,0.0,False,False
1555785051,30.0,0.0,-1.75600004196167,3.0,False,0.0,0.0,0.0,0.0,0.0,0.0,False,False
1555785052,30.0,0.0,-1.752000093460083,3.0,False,0.0,0.0,0.0,0.0,0.0,0.0,False,False
1555785052,30.0,0.0,-1.75600004196167,3.0,False,0.0,0.0,0.0,0.0,0.0,0.0,False,False
1555785052,30.0,0.0,-1.7680001258850098,3.0,False,0.0,0.0,0.0,0.0,0.0,0.0,False,False
1555785052,30.0,0.0,-1.7680001258850098,3.0,False,0.0,0.0,0.0,0.0,0.0,0.0,False,False
1555785053,30.0,0.0,-1.7600001096725464,3.0,False,0.0,0.0,0.0,0.0,0.0,0.0,False,False
1555785053,30.0,0.0,-1.7640000581741333,3.0,False,0.0,0.0,0.0,0.0,0.0,0.0,False,False
1555785053,30.0,0.0,-1.75600004196167,3.0,False,0.0,0.0,0.0,0.0,0.0,0.0,False,False
1555785053,30.0,0.0,-1.7600001096725464,3.0,False,0.0,0.0,0.0,0.0,0.0,0.0,False,False
1555785054,30.0,0.0,-1.75600004196167,3.0,False,0.0,0.0,0.0,0.0,0.0,0.0,False,False
1555785054,30.0,0.0,-1.7720000743865967,3.0,False,0.0,0.0,0.0,0.0,0.0,0.0,False,False
1555785054,30.0,0.0,-1.752000093460083,3.0,False,0.0,0.0,0.0,0.0,0.0,0.0,False,False
1555785055,30.0,0.0,-1.7600001096725464,3.0,False,0.0,0.0,0.0,0.0,0.0,0.0,False,False
1555785055,30.0,0.0,-1.7640000581741333,3.0,False,0.0,0.0,0.0,0.0,0.0,0.0,False,False
1555785055,30.0,0.0,-1.7680001258850098,3.0,False,0.0,0.0,0.0,0.0,0.0,0.0,False,False
1555785055,30.0,0.0,-1.7640000581741333,3.0,False,0.0,0.0,0.0,0.0,0.0,0.0,False,False
1555785056,30.0,0.0,-1.7600001096725464,3.0,False,0.0,0.0,0.0,0.0,0.0,0.0,False,False
1555785056,30.0,0.0,-1.75600004196167,3.0,False,0.0,0.0,0.0,0.0,0.0,0.0,False,False
1555785056,30.0,0.0,-1.7480000257492065,3.0,False,0.0,0.0,0.0,0.0,0.0,0.0,False,False
1555785056,30.0,0.0,-1.7680001258850098,3.0,False,0.0,0.0,0.0,0.0,0.0,0.0,False,False
1555785057,30.0,0.0,-1.7480000257492065,3.0,False,0.0,0.0,0.0,0.0,0.0,0.0,False,False
1555785057,30.0,0.0,-1.7600001096725464,3.0,False,0.0,0.0,0.0,0.0,0.0,0.0,False,False
1555785057,30.0,0.0,-1.7680001258850098,3.0,False,0.0,0.0,0.0,0.0,0.0,0.0,False,False
1555785057,30.0,0.0,-1.7680001258850098,3.0,False,0.0,0.0,0.0,0.0,0.0,0.0,False,False
1555785058,30.0,0.0,-1.7640000581741333,3.0,False,0.0,0.0,0.0,0.0,0.0,0.0,False,False
1555785058,30.0,0.0,-1.75600004196167,3.0,False,0.0,0.0,0.0,0.0,0.0,0.0,False,False
1555785058,30.0,0.0,-1.75600004196167,3.0,False,0.0,0.0,0.0,0.0,0.0,0.0,False,False
1555785058,30.0,0.0,-1.7960001230239868,3.0,False,0.0,0.0,0.0,0.0,0.0,0.0,False,False
1555785059,30.0,0.0,-1.7640000581741333,3.0,False,0.0,0.0,0.0,0.0,0.0,0.0,False,False
1555785059,30.0,0.0,-1.7680001258850098,3.0,False,0.0,0.0,0.0,0.0,0.0,0.0,False,False
1555785059,30.0,0.0,-1.752000093460083,3.0,False,0.0,0.0,0.0,0.0,0.0,0.0,False,False
1555785059,30.0,0.0,-1.7600001096725464,3.0,False,0.0,0.0,0.0,0.0,0.0,0.0,False,False
1555785060,30.0,0.0,-1.7600001096725464,3.0,False,0.0,0.0,0.0,0.0,0.0,0.0,False,False
1555785060,30.0,0.0,-1.75600004196167,3.0,False,0.0,0.0,0.0,0.0,0.0,0.0,False,False
1555785060,30.0,0.0,-1.75600004196167,3.0,False,0.0,0.0,0.0,0.0,0.0,0.0,False,False
1555785060,30.0,0.0,-1.7600001096725464,3.0,False,0.0,0.0,0.0,0.0,0.0,0.0,False,False
1555785061,30.0,0.0,-1.7480000257492065,3.0,False,0.0,0.0,0.0,0.0,0.0,0.0,False,False
1555785061,30.0,0.0,-1.7640000581741333,3.0,False,0.0,0.0,0.0,0.0,0.0,0.0,False,False
1555785061,30.0,0.0,-1.75600004196167,3.0,False,0.0,0.0,0.0,0.0,0.0,0.0,False,False
1555785061,30.0,0.0,-1.75600004196167,3.0,False,0.0,0.0,0.0,0.0,0.0,0.0,False,False
1555785062,30.0,0.0,-1.752000093460083,3.0,False,0.0,0.0,0.0,0.0,0.0,0.0,False,False
1555785062,30.0,0.0,-1.7600001096725464,3.0,False,0.0,0.0,0.0,0.0,0.0,0.0,False,False
1555785062,30.0,0.0,-1.7640000581741333,3.0,False,0.0,0.0,0.0,0.0,0.0,0.0,False,False
1555785063,30.0,0.0,-1.7720000743865967,3.0,False,0.0,0.0,0.0,0.0,0.0,0.0,False,False
1555785063,30.0,0.0,-1.75600004196167,3.0,False,0.0,0.0,0.0,0.0,0.0,0.0,False,False
1555785063,30.0,0.0,-1.7640000581741333,3.0,False,0.0,0.0,0.0,0.0,0.0,0.0,False,False
1555785063,30.0,0.0,-1.7600001096725464,3.0,False,0.0,0.0,0.0,0.0,0.0,0.0,False,False
1555785064,30.0,0.0,-1.75600004196167,3.0,False,0.0,0.0,0.0,0.0,0.0,0.0,False,False
1555785064,30.0,0.0,-1.7600001096725464,3.0,False,0.0,0.0,0.0,0.0,0.0,0.0,False,False
1555785064,30.0,0.0,-1.752000093460083,3.0,False,0.0,0.0,0.0,0.0,0.0,0.0,False,False
1555785064,30.0,0.0,-1.7600001096725464,3.0,False,0.0,0.0,0.0,0.0,0.0,0.0,False,False
1555785065,30.0,0.0,-1.7640000581741333,3.0,False,0.0,0.0,0.0,0.0,0.0,0.0,False,False
1555785065,30.0,0.0,-1.7600001096725464,3.0,False,0.0,0.0,0.0,0.0,0.0,0.0,False,False
1555785065,30.0,0.0,-1.75600004196167,3.0,False,0.0,0.0,0.0,0.0,0.0,0.0,False,False
1555785065,30.0,0.0,-1.7640000581741333,3.0,False,0.0,0.0,0.0,0.0,0.0,0.0,False,False
1555785066,30.0,0.0,-1.7480000257492065,3.0,False,0.0,0.0,0.0,0.0,0.0,0.0,False,False
1555785066,30.0,0.0,-1.7640000581741333,3.0,False,0.0,0.0,0.0,0.0,0.0,0.0,False,False
1555785066,30.0,0.0,-1.752000093460083,3.0,False,0.0,0.0,0.0,0.0,0.0,0.0,False,False
1555785066,30.0,0.0,-1.7680001258850098,3.0,False,0.0,0.0,0.0,0.0,0.0,0.0,False,False
1555785067,30.0,0.0,-1.752000093460083,3.0,False,0.0,0.0,0.0,0.0,0.0,0.0,False,False
1555785067,30.0,0.0,-1.7600001096725464,3.0,False,0.0,0.0,0.0,0.0,0.0,0.0,False,False
1555785067,30.0,0.0,-1.7440000772476196,3.0,False,0.0,0.0,0.0,0.0,0.0,0.0,False,False
1555785067,30.0,0.0,-1.7600001096725464,3.0,False,0.0,0.0,0.0,0.0,0.0,0.0,False,False
1555785068,30.0,0.0,-1.7640000581741333,3.0,False,0.0,0.0,0.0,0.0,0.0,0.0,False,False
1555785068,30.0,0.0,-1.75600004196167,3.0,False,0.0,0.0,0.0,0.0,0.0,0.0,False,False
1555785068,30.0,0.0,-1.7960001230239868,3.0,False,0.0,0.0,0.0,0.0,0.0,0.0,False,False
1555785069,30.0,0.0,-1.7600001096725464,3.0,False,0.0,0.0,0.0,0.0,0.0,0.0,False,False
1555785069,30.0,0.0,-1.7720000743865967,3.0,False,0.0,0.0,0.0,0.0,0.0,0.0,False,False
1555785069,30.0,0.0,-1.7640000581741333,3.0,False,0.0,0.0,0.0,0.0,0.0,0.0,False,False
1555785069,30.0,0.0,-1.7640000581741333,3.0,False,0.0,0.0,0.0,0.0,0.0,0.0,False,False
1555785070,30.0,0.0,-1.7600001096725464,3.0,False,0.0,0.0,0.0,0.0,0.0,0.0,False,False
1555785070,30.0,0.0,-1.7600001096725464,3.0,False,0.0,0.0,0.0,0.0,0.0,0.0,False,False
1555785070,30.0,0.0,-1.75600004196167,3.0,False,0.0,0.0,0.0,0.0,0.0,0.0,False,False
1555785070,30.0,0.0,-1.752000093460083,3.0,False,0.0,0.0,0.0,0.0,0.0,0.0,False,False
1555785071,30.0,0.0,-1.752000093460083,3.0,False,0.0,0.0,0.0,0.0,0.0,0.0,False,False
1555785071,30.0,0.0,-1.75600004196167,3.0,False,0.0,0.0,0.0,0.0,0.0,0.0,False,False
1555785071,30.0,0.0,-1.7640000581741333,3.0,False,0.0,0.0,0.0,0.0,0.0,0.0,False,False
1555785071,30.0,0.0,-1.7600001096725464,3.0,False,0.0,0.0,0.0,0.0,0.0,0.0,False,False
1555785072,30.0,0.0,-1.752000093460083,3.0,False,0.0,0.0,0.0,0.0,0.0,0.0,False,False
1555785072,30.0,0.0,-1.7640000581741333,3.0,False,0.0,0.0,0.0,0.0,0.0,0.0,False,False
1555785072,30.0,0.0,-1.7600001096725464,3.0,False,0.0,0.0,0.0,0.0,0.0,0.0,False,False
1555785072,30.0,0.0,-1.7480000257492065,3.0,False,0.0,0.0,0.0,0.0,0.0,0.0,False,False
1555785073,30.0,0.0,-1.7640000581741333,3.0,False,0.0,0.0,0.0,0.0,0.0,0.0,False,False
1555785073,30.0,0.0,-1.75600004196167,3.0,False,0.0,0.0,0.0,0.0,0.0,0.0,False,False
1555785073,30.0,0.0,-1.752000093460083,3.0,False,0.0,0.0,0.0,0.0,0.0,0.0,False,False
1555785074,30.0,0.0,-1.75600004196167,3.0,False,0.0,0.0,0.0,0.0,0.0,0.0,False,False
1555785074,30.0,0.0,-1.752000093460083,3.0,False,0.0,0.0,0.0,0.0,0.0,0.0,False,False
1555785074,30.0,0.0,-1.75600004196167,3.0,False,0.0,0.0,0.0,0.0,0.0,0.0,False,False
1555785074,30.0,0.0,-1.7480000257492065,3.0,False,0.0,0.0,0.0,0.0,0.0,0.0,False,False
1555785075,30.0,0.0,-1.7600001096725464,3.0,False,0.0,0.0,0.0,0.0,0.0,0.0,False,False
1555785075,30.0,0.0,-1.75600004196167,3.0,False,0.0,0.0,0.0,0.0,0.0,0.0,False,False
1555785075,30.0,0.0,-1.7640000581741333,3.0,False,0.0,0.0,0.0,0.0,0.0,0.0,False,False
1555785075,30.0,0.0,-1.75600004196167,3.0,False,0.0,0.0,0.0,0.0,0.0,0.0,False,False
1555785076,30.0,0.0,-1.78000009059906,3.0,False,0.0,0.0,0.0,0.0,0.0,0.0,False,False
1555785076,30.0,0.0,-1.75600004196167,3.0,False,0.0,0.0,0.0,0.0,0.0,0.0,False,False
1555785076,30.0,0.0,-1.752000093460083,3.0,False,0.0,0.0,0.0,0.0,0.0,0.0,False,False
1555785076,30.0,0.0,-1.7480000257492065,3.0,False,0.0,0.0,0.0,0.0,0.0,0.0,False,False
1555785077,30.0,0.0,-1.75600004196167,3.0,False,0.0,0.0,0.0,0.0,0.0,0.0,False,False
1555785077,30.0,0.0,-1.7640000581741333,3.0,False,0.0,0.0,0.0,0.0,0.0,0.0,False,False
1555785077,30.0,0.0,-1.752000093460083,3.0,False,0.0,0.0,0.0,0.0,0.0,0.0,False,False
1555785077,30.0,0.0,-1.7640000581741333,3.0,False,0.0,0.0,0.0,0.0,0.0,0.0,False,False
1555785078,30.0,0.0,-1.7480000257492065,3.0,False,0.0,0.0,0.0,0.0,0.0,0.0,False,False
1555785078,30.0,0.0,-1.75600004196167,3.0,False,0.0,0.0,0.0,0.0,0.0,0.0,False,False
1555785078,30.0,0.0,-1.75600004196167,3.0,False,0.0,0.0,0.0,0.0,0.0,0.0,False,False
1555785078,30.0,0.0,-1.752000093460083,3.0,False,0.0,0.0,0.0,0.0,0.0,0.0,False,False
1555785079,30.0,0.0,-1.752000093460083,3.0,False,0.0,0.0,0.0,0.0,0.0,0.0,False,False
1555785079,30.0,0.0,-1.7680001258850098,3.0,False,0.0,0.0,0.0,0.0,0.0,0.0,False,False
1555785079,30.0,0.0,-1.7640000581741333,3.0,False,0.0,0.0,0.0,0.0,0.0,0.0,False,False
1555785079,30.0,0.0,-1.75600004196167,3.0,False,0.0,0.0,0.0,0.0,0.0,0.0,False,False
1555785080,30.0,0.0,-1.752000093460083,3.0,False,0.0,0.0,0.0,0.0,0.0,0.0,False,False
1555785080,30.0,0.0,-1.752000093460083,3.0,False,0.0,0.0,0.0,0.0,0.0,0.0,False,False
1555785080,30.0,0.0,-1.75600004196167,3.0,False,0.0,0.0,0.0,0.0,0.0,0.0,False,False
1555785080,30.0,0.0,-1.752000093460083,3.0,False,0.0,0.0,0.0,0.0,0.0,0.0,False,False
1555785081,30.0,0.0,-1.75600004196167,3.0,False,0.0,0.0,0.0,0.0,0.0,0.0,False,False
1555785081,30.0,0.0,-1.7600001096725464,3.0,False,0.0,0.0,0.0,0.0,0.0,0.0,False,False
1555785081,30.0,0.0,-1.752000093460083,3.0,False,0.0,0.0,0.0,0.0,0.0,0.0,False,False
1555785082,30.0,0.0,-1.7600001096725464,3.0,False,0.0,0.0,0.0,0.0,0.0,0.0,False,False
1555785082,30.0,0.0,-1.752000093460083,3.0,False,0.0,0.0,0.0,0.0,0.0,0.0,False,False
1555785082,30.0,0.0,-1.752000093460083,3.0,False,0.0,0.0,0.0,0.0,0.0,0.0,False,False
1555785082,30.0,0.0,-1.75600004196167,3.0,False,0.0,0.0,0.0,0.0,0.0,0.0,False,False
1555785083,30.0,0.0,-1.7600001096725464,3.0,False,0.0,0.0,0.0,0.0,0.0,0.0,False,False
1555785083,30.0,0.0,-1.7640000581741333,3.0,False,0.0,0.0,0.0,0.0,0.0,0.0,False,False
1555785083,30.0,0.0,-1.7680001258850098,3.0,False,0.0,0.0,0.0,0.0,0.0,0.0,False,False
1555785083,30.0,0.0,-1.7480000257492065,3.0,False,0.0,0.0,0.0,0.0,0.0,0.0,False,False
1555785084,30.0,0.0,-1.7760001420974731,3.0,False,0.0,0.0,0.0,0.0,0.0,0.0,False,False
1555785084,30.0,0.0,-1.75600004196167,3.0,False,0.0,0.0,0.0,0.0,0.0,0.0,False,False
1555785084,30.0,0.0,-1.808000087738037,3.0,False,0.0,0.0,0.0,0.0,0.0,0.0,False,False
1555785084,30.0,0.0,-1.7480000257492065,3.0,False,0.0,0.0,0.0,0.0,0.0,0.0,False,False
1555785085,30.0,0.0,-1.7440000772476196,3.0,False,0.0,0.0,0.0,0.0,0.0,0.0,False,False
1555785085,30.0,0.0,-1.7640000581741333,3.0,False,0.0,0.0,0.0,0.0,0.0,0.0,False,False
1555785085,30.0,0.0,-1.75600004196167,3.0,False,0.0,0.0,0.0,0.0,0.0,0.0,False,False
1555785085,30.0,0.0,-1.7440000772476196,3.0,False,0.0,0.0,0.0,0.0,0.0,0.0,False,False
1555785086,30.0,0.0,-1.7440000772476196,3.0,False,0.0,0.0,0.0,0.0,0.0,0.0,False,False
1555785086,30.0,0.0,-1.7440000772476196,3.0,False,0.0,0.0,0.0,0.0,0.0,0.0,False,False
1555785086,30.0,0.0,-1.752000093460083,3.0,False,0.0,0.0,0.0,0.0,0.0,0.0,False,False
1555785086,30.0,0.0,-1.7480000257492065,3.0,False,0.0,0.0,0.0,0.0,0.0,0.0,False,False
1555785087,30.0,0.0,-1.7360000610351562,3.0,False,0.0,0.0,0.0,0.0,0.0,0.0,False,False
1555785087,30.0,0.0,-1.75600004196167,3.0,False,0.0,0.0,0.0,0.0,0.0,0.0,False,False
1555785087,30.0,0.0,-1.7600001096725464,3.0,False,0.0,0.0,0.0,0.0,0.0,0.0,False,False
1555785088,30.0,0.0,-1.7440000772476196,3.0,False,0.0,0.0,0.0,0.0,0.0,0.0,False,False
1555785088,30.0,0.0,-1.7480000257492065,3.0,False,0.0,0.0,0.0,0.0,0.0,0.0,False,False
1555785088,30.0,0.0,-1.7480000257492065,3.0,False,0.0,0.0,0.0,0.0,0.0,0.0,False,False
1555785088,30.0,0.0,-1.752000093460083,3.0,False,0.0,0.0,0.0,0.0,0.0,0.0,False,False
1555785089,30.0,0.0,-1.7720000743865967,3.0,False,0.0,0.0,0.0,0.0,0.0,0.0,False,False
1555785089,30.0,0.0,-1.7480000257492065,3.0,False,0.0,0.0,0.0,0.0,0.0,0.0,False,False
1555785089,30.0,0.0,-1.75600004196167,3.0,False,0.0,0.0,0.0,0.0,0.0,0.0,False,False
1555785089,30.0,0.0,-1.752000093460083,3.0,False,0.0,0.0,0.0,0.0,0.0,0.0,False,False
1555785090,30.0,0.0,-1.752000093460083,3.0,False,0.0,0.0,0.0,0.0,0.0,0.0,False,False
1555785090,30.0,0.0,-1.752000093460083,3.0,False,0.0,0.0,0.0,0.0,0.0,0.0,False,False
1555785090,30.0,0.0,-1.7440000772476196,3.0,False,0.0,0.0,0.0,0.0,0.0,0.0,False,False
1555785090,30.0,0.0,-1.75600004196167,3.0,False,0.0,0.0,0.0,0.0,0.0,0.0,False,False
1555785091,30.0,0.0,-1.7440000772476196,3.0,False,0.0,0.0,0.0,0.0,0.0,0.0,False,False
1555785091,30.0,0.0,-1.75600004196167,3.0,False,0.0,0.0,0.0,0.0,0.0,0.0,False,False
1555785091,30.0,0.0,-1.75600004196167,3.0,False,0.0,0.0,0.0,0.0,0.0,0.0,False,False
1555785091,30.0,0.0,-1.75600004196167,3.0,False,0.0,0.0,0.0,0.0,0.0,0.0,False,False
1555785092,30.0,0.0,-1.752000093460083,3.0,False,0.0,0.0,0.0,0.0,0.0,0.0,False,False
1555785092,30.0,0.0,-1.75600004196167,3.0,False,0.0,0.0,0.0,0.0,0.0,0.0,False,False
1555785092,30.0,0.0,-1.75600004196167,3.0,False,0.0,0.0,0.0,0.0,0.0,0.0,False,False
1555785092,30.0,0.0,-1.752000093460083,3.0,False,0.0,0.0,0.0,0.0,0.0,0.0,False,False
1555785093,30.0,0.0,-1.75600004196167,3.0,False,0.0,0.0,0.0,0.0,0.0,0.0,False,False
1555785093,30.0,0.0,-1.7440000772476196,3.0,False,0.0,0.0,0.0,0.0,0.0,0.0,False,False
1555785093,30.0,0.0,-1.75600004196167,3.0,False,0.0,0.0,0.0,0.0,0.0,0.0,False,False
1555785093,30.0,0.0,-1.752000093460083,3.0,False,0.0,0.0,0.0,0.0,0.0,0.0,False,False
1555785094,30.0,0.0,-1.7440000772476196,3.0,False,0.0,0.0,0.0,0.0,0.0,0.0,False,False
1555785094,30.0,0.0,-1.7480000257492065,3.0,False,0.0,0.0,0.0,0.0,0.0,0.0,False,False
1555785094,30.0,0.0,-1.7600001096725464,3.0,False,0.0,0.0,0.0,0.0,0.0,0.0,False,False
1555785094,30.0,0.0,-1.752000093460083,3.0,False,0.0,0.0,0.0,0.0,0.0,0.0,False,False
1555785095,30.0,0.0,-1.7640000581741333,3.0,False,0.0,0.0,0.0,0.0,0.0,0.0,False,False
1555785095,30.0,0.0,-1.752000093460083,3.0,False,0.0,0.0,0.0,0.0,0.0,0.0,False,False
1555785095,30.0,0.0,-1.75600004196167,3.0,False,0.0,0.0,0.0,0.0,0.0,0.0,False,False
1555785096,30.0,0.0,-1.7600001096725464,3.0,False,0.0,0.0,0.0,0.0,0.0,0.0,False,False
1555785096,30.0,0.0,-1.75600004196167,3.0,False,0.0,0.0,0.0,0.0,0.0,0.0,False,False
1555785096,30.0,0.0,-1.7600001096725464,3.0,False,0.0,0.0,0.0,0.0,0.0,0.0,False,False
1555785096,30.0,0.0,-1.75600004196167,3.0,False,0.0,0.0,0.0,0.0,0.0,0.0,False,False
1555785097,30.0,0.0,-1.7440000772476196,3.0,False,0.0,0.0,0.0,0.0,0.0,0.0,False,False
1555785097,30.0,0.0,-1.752000093460083,3.0,False,0.0,0.0,0.0,0.0,0.0,0.0,False,False
1555785097,30.0,0.0,-1.7640000581741333,3.0,False,0.0,0.0,0.0,0.0,0.0,0.0,False,False
1555785097,30.0,0.0,-1.7600001096725464,3.0,False,0.0,0.0,0.0,0.0,0.0,0.0,False,False
1555785098,30.0,0.0,-1.75600004196167,3.0,False,0.0,0.0,0.0,0.0,0.0,0.0,False,False
1555785098,30.0,0.0,-1.75600004196167,3.0,False,0.0,0.0,0.0,0.0,0.0,0.0,False,False
1555785098,30.0,0.0,-1.75600004196167,3.0,False,0.0,0.0,0.0,0.0,0.0,0.0,False,False
1555785099,30.0,0.0,-1.7640000581741333,3.0,False,0.0,0.0,0.0,0.0,0.0,0.0,False,False
1555785099,30.0,0.0,-1.75600004196167,3.0,False,0.0,0.0,0.0,0.0,0.0,0.0,False,False
1555785099,30.0,0.0,-1.75600004196167,3.0,False,0.0,0.0,0.0,0.0,0.0,0.0,False,False
1555785099,30.0,0.0,-1.7600001096725464,3.0,False,0.0,0.0,0.0,0.0,0.0,0.0,False,False
1555785100,30.0,0.0,-1.7680001258850098,3.0,False,0.0,0.0,0.0,0.0,0.0,0.0,False,False
1555785100,30.0,0.0,-1.752000093460083,3.0,False,0.0,0.0,0.0,0.0,0.0,0.0,False,False
1555785100,30.0,0.0,-1.75600004196167,3.0,False,0.0,0.0,0.0,0.0,0.0,0.0,False,False
1555785100,30.0,0.0,-1.75600004196167,3.0,False,0.0,0.0,0.0,0.0,0.0,0.0,False,False
1555785101,30.0,0.0,-1.7600001096725464,3.0,False,0.0,0.0,0.0,0.0,0.0,0.0,False,False
1555785101,30.0,0.0,-1.7640000581741333,3.0,False,0.0,0.0,0.0,0.0,0.0,0.0,False,False
1555785101,30.0,0.0,-1.7640000581741333,3.0,False,0.0,0.0,0.0,0.0,0.0,0.0,False,False
1555785102,30.0,0.0,-1.752000093460083,3.0,False,0.0,0.0,0.0,0.0,0.0,0.0,False,False
1555785102,30.0,0.0,-1.7640000581741333,3.0,False,0.0,0.0,0.0,0.0,0.0,0.0,False,False
1555785102,30.0,0.0,-1.752000093460083,3.0,False,0.0,0.0,0.0,0.0,0.0,0.0,False,False
1555785102,30.0,0.0,-1.7480000257492065,3.0,False,0.0,0.0,0.0,0.0,0.0,0.0,False,False
1555785103,30.0,0.0,-1.75600004196167,3.0,False,0.0,0.0,0.0,0.0,0.0,0.0,False,False
1555785103,30.0,0.0,-1.752000093460083,3.0,False,0.0,0.0,0.0,0.0,0.0,0.0,False,False
1555785103,30.0,0.0,-1.752000093460083,3.0,False,0.0,0.0,0.0,0.0,0.0,0.0,False,False
1555785103,30.0,0.0,-1.7480000257492065,3.0,False,0.0,0.0,0.0,0.0,0.0,0.0,False,False
1555785104,30.0,0.0,-1.7600001096725464,3.0,False,0.0,0.0,0.0,0.0,0.0,0.0,False,False
1555785104,30.0,0.0,-1.7680001258850098,3.0,False,0.0,0.0,0.0,0.0,0.0,0.0,False,False
1555785104,30.0,0.0,-1.75600004196167,3.0,False,0.0,0.0,0.0,0.0,0.0,0.0,False,False
1555785104,30.0,0.0,-1.7680001258850098,3.0,False,0.0,0.0,0.0,0.0,0.0,0.0,False,False
1555785105,30.0,0.0,-1.7640000581741333,3.0,False,0.0,0.0,0.0,0.0,0.0,0.0,False,False
1555785105,30.0,0.0,-1.7600001096725464,3.0,False,0.0,0.0,0.0,0.0,0.0,0.0,False,False
1555785105,30.0,0.0,-1.784000039100647,3.0,False,0.0,0.0,0.0,0.0,0.0,0.0,False,False
1555785105,30.0,0.0,-1.7600001096725464,3.0,False,0.0,0.0,0.0,0.0,0.0,0.0,False,False
1555785106,30.0,0.0,-1.7640000581741333,3.0,False,0.0,0.0,0.0,0.0,0.0,0.0,False,False
1555785106,30.0,0.0,-1.75600004196167,3.0,False,0.0,0.0,0.0,0.0,0.0,0.0,False,False
1555785106,30.0,0.0,-1.7640000581741333,3.0,False,0.0,0.0,0.0,0.0,0.0,0.0,False,False
1555785106,30.0,0.0,-1.7480000257492065,3.0,False,0.0,0.0,0.0,0.0,0.0,0.0,False,False
1555785107,30.0,0.0,-1.75600004196167,3.0,False,0.0,0.0,0.0,0.0,0.0,0.0,False,False
1555785107,30.0,0.0,-1.7680001258850098,3.0,False,0.0,0.0,0.0,0.0,0.0,0.0,False,False
1555785107,30.0,0.0,-1.75600004196167,3.0,False,0.0,0.0,0.0,0.0,0.0,0.0,False,False
1555785108,30.0,0.0,-1.752000093460083,3.0,False,0.0,0.0,0.0,0.0,0.0,0.0,False,False
1555785108,30.0,0.0,-1.7640000581741333,3.0,False,0.0,0.0,0.0,0.0,0.0,0.0,False,False
1555785108,30.0,0.0,-1.75600004196167,3.0,False,0.0,0.0,0.0,0.0,0.0,0.0,False,False
1555785108,30.0,0.0,-1.7640000581741333,3.0,False,0.0,0.0,0.0,0.0,0.0,0.0,False,False
1555785109,30.0,0.0,-1.7600001096725464,3.0,False,0.0,0.0,0.0,0.0,0.0,0.0,False,False
1555785109,30.0,0.0,-1.752000093460083,3.0,False,0.0,0.0,0.0,0.0,0.0,0.0,False,False
1555785109,30.0,0.0,-1.75600004196167,3.0,False,0.0,0.0,0.0,0.0,0.0,0.0,False,False
1555785109,30.0,0.0,-1.752000093460083,3.0,False,0.0,0.0,0.0,0.0,0.0,0.0,False,False
1555785110,30.0,0.0,-1.7720000743865967,3.0,False,0.0,0.0,0.0,0.0,0.0,0.0,False,False
1555785110,30.0,0.0,-1.7600001096725464,3.0,False,0.0,0.0,0.0,0.0,0.0,0.0,False,False
1555785110,30.0,0.0,-1.7600001096725464,3.0,False,0.0,0.0,0.0,0.0,0.0,0.0,False,False
1555785110,30.0,0.0,-1.75600004196167,3.0,False,0.0,0.0,0.0,0.0,0.0,0.0,False,False
1555785111,30.0,0.0,-1.7600001096725464,3.0,False,0.0,0.0,0.0,0.0,0.0,0.0,False,False
1555785111,30.0,0.0,-1.75600004196167,3.0,False,0.0,0.0,0.0,0.0,0.0,0.0,False,False
1555785111,30.0,0.0,-1.7640000581741333,3.0,False,0.0,0.0,0.0,0.0,0.0,0.0,False,False
1555785111,30.0,0.0,-1.7480000257492065,3.0,False,0.0,0.0,0.0,0.0,0.0,0.0,False,False
1555785112,30.0,0.0,-1.7640000581741333,3.0,False,0.0,0.0,0.0,0.0,0.0,0.0,False,False
1555785112,30.0,0.0,-1.7640000581741333,3.0,False,0.0,0.0,0.0,0.0,0.0,0.0,False,False
1555785112,30.0,0.0,-1.7640000581741333,3.0,False,0.0,0.0,0.0,0.0,0.0,0.0,False,False
1555785112,30.0,0.0,-1.75600004196167,3.0,False,0.0,0.0,0.0,0.0,0.0,0.0,False,False
1555785113,30.0,0.0,-1.7600001096725464,3.0,False,0.0,0.0,0.0,0.0,0.0,0.0,False,False
1555785113,30.0,0.0,-1.75600004196167,3.0,False,0.0,0.0,0.0,0.0,0.0,0.0,False,False
1555785113,30.0,0.0,-1.75600004196167,3.0,False,0.0,0.0,0.0,0.0,0.0,0.0,False,False
1555785113,30.0,0.0,-1.75600004196167,3.0,False,0.0,0.0,0.0,0.0,0.0,0.0,False,False
1555785114,30.0,0.0,-1.752000093460083,3.0,False,0.0,0.0,0.0,0.0,0.0,0.0,False,False
1555785114,30.0,0.0,-1.752000093460083,3.0,False,0.0,0.0,0.0,0.0,0.0,0.0,False,False
1555785114,30.0,0.0,-1.75600004196167,3.0,False,0.0,0.0,0.0,0.0,0.0,0.0,False,False
1555785114,30.0,0.0,-1.752000093460083,3.0,False,0.0,0.0,0.0,0.0,0.0,0.0,False,False
1555785115,30.0,0.0,-1.75600004196167,3.0,False,0.0,0.0,0.0,0.0,0.0,0.0,False,False
1555785115,30.0,0.0,-1.752000093460083,3.0,False,0.0,0.0,0.0,0.0,0.0,0.0,False,False
1555785115,30.0,0.0,-1.7480000257492065,3.0,False,0.0,0.0,0.0,0.0,0.0,0.0,False,False
1555785116,30.0,0.0,-1.7480000257492065,3.0,False,0.0,0.0,0.0,0.0,0.0,0.0,False,False
1555785116,30.0,0.0,-1.7600001096725464,3.0,False,0.0,0.0,0.0,0.0,0.0,0.0,False,False
1555785116,30.0,0.0,-1.7480000257492065,3.0,False,0.0,0.0,0.0,0.0,0.0,0.0,False,False
1555785116,30.0,0.0,-1.7440000772476196,3.0,False,0.0,0.0,0.0,0.0,0.0,0.0,False,False
1555785117,30.0,0.0,-1.7640000581741333,3.0,False,0.0,0.0,0.0,0.0,0.0,0.0,False,False
1555785117,30.0,0.0,-1.752000093460083,3.0,False,0.0,0.0,0.0,0.0,0.0,0.0,False,False
1555785117,30.0,0.0,-1.7640000581741333,3.0,False,0.0,0.0,0.0,0.0,0.0,0.0,False,False
1555785117,30.0,0.0,-1.7600001096725464,3.0,False,0.0,0.0,0.0,0.0,0.0,0.0,False,False
1555785118,30.0,0.0,-1.7600001096725464,3.0,False,0.0,0.0,0.0,0.0,0.0,0.0,False,False
1555785118,30.0,0.0,-1.7640000581741333,3.0,False,0.0,0.0,0.0,0.0,0.0,0.0,False,False
1555785118,30.0,0.0,-1.7640000581741333,3.0,False,0.0,0.0,0.0,0.0,0.0,0.0,False,False
1555785118,30.0,0.0,-1.75600004196167,3.0,False,0.0,0.0,0.0,0.0,0.0,0.0,False,False
1555785119,30.0,0.0,-1.75600004196167,3.0,False,0.0,0.0,0.0,0.0,0.0,0.0,False,False
1555785119,30.0,0.0,-1.7640000581741333,3.0,False,0.0,0.0,0.0,0.0,0.0,0.0,False,False
1555785119,30.0,0.0,-1.752000093460083,3.0,False,0.0,0.0,0.0,0.0,0.0,0.0,False,False
1555785119,30.0,0.0,-1.752000093460083,3.0,False,0.0,0.0,0.0,0.0,0.0,0.0,False,False
1555785120,30.0,0.0,-1.752000093460083,3.0,False,0.0,0.0,0.0,0.0,0.0,0.0,False,False
1555785120,30.0,0.0,-1.75600004196167,3.0,False,0.0,0.0,0.0,0.0,0.0,0.0,False,False
1555785120,30.0,0.0,-1.75600004196167,3.0,False,0.0,0.0,0.0,0.0,0.0,0.0,False,False
1555785120,30.0,0.0,-1.75600004196167,3.0,False,0.0,0.0,0.0,0.0,0.0,0.0,False,False
1555785121,30.0,0.0,-1.7480000257492065,3.0,False,0.0,0.0,0.0,0.0,0.0,0.0,False,False
1555785121,30.0,0.0,-1.752000093460083,3.0,False,0.0,0.0,0.0,0.0,0.0,0.0,False,False
1555785121,30.0,0.0,-1.752000093460083,3.0,False,0.0,0.0,0.0,0.0,0.0,0.0,False,False
1555785121,30.0,0.0,-1.75600004196167,3.0,False,0.0,0.0,0.0,0.0,0.0,0.0,False,False
1555785122,30.0,0.0,-1.75600004196167,3.0,False,0.0,0.0,0.0,0.0,0.0,0.0,False,False
1555785122,30.0,0.0,-1.7640000581741333,3.0,False,0.0,0.0,0.0,0.0,0.0,0.0,False,False
1555785122,30.0,0.0,-1.7640000581741333,3.0,False,0.0,0.0,0.0,0.0,0.0,0.0,False,False
1555785123,30.0,0.0,-1.75600004196167,3.0,False,0.0,0.0,0.0,0.0,0.0,0.0,False,False
1555785123,30.0,0.0,-1.7680001258850098,3.0,False,0.0,0.0,0.0,0.0,0.0,0.0,False,False
1555785123,30.0,0.0,-1.752000093460083,3.0,False,0.0,0.0,0.0,0.0,0.0,0.0,False,False
1555785123,30.0,0.0,-1.752000093460083,3.0,False,0.0,0.0,0.0,0.0,0.0,0.0,False,False
1555785124,30.0,0.0,-1.7440000772476196,3.0,False,0.0,0.0,0.0,0.0,0.0,0.0,False,False
1555785124,30.0,0.0,-1.75600004196167,3.0,False,0.0,0.0,0.0,0.0,0.0,0.0,False,False
1555785124,30.0,0.0,-1.752000093460083,3.0,False,0.0,0.0,0.0,0.0,0.0,0.0,False,False
1555785124,30.0,0.0,-1.7480000257492065,3.0,False,0.0,0.0,0.0,0.0,0.0,0.0,False,False
1555785125,30.0,0.0,-1.752000093460083,3.0,False,0.0,0.0,0.0,0.0,0.0,0.0,False,False
1555785125,30.0,0.0,-1.752000093460083,3.0,False,0.0,0.0,0.0,0.0,0.0,0.0,False,False
1555785125,30.0,0.0,-1.7440000772476196,3.0,False,0.0,0.0,0.0,0.0,0.0,0.0,False,False
1555785125,30.0,0.0,-1.7640000581741333,3.0,False,0.0,0.0,0.0,0.0,0.0,0.0,False,False
1555785126,30.0,0.0,-1.75600004196167,3.0,False,0.0,0.0,0.0,0.0,0.0,0.0,False,False
1555785126,30.0,0.0,-1.75600004196167,3.0,False,0.0,0.0,0.0,0.0,0.0,0.0,False,False
1555785126,30.0,0.0,-1.7480000257492065,3.0,False,0.0,0.0,0.0,0.0,0.0,0.0,False,False
1555785126,30.0,0.0,-1.7480000257492065,3.0,False,0.0,0.0,0.0,0.0,0.0,0.0,False,False
1555785127,30.0,0.0,-1.7640000581741333,3.0,False,0.0,0.0,0.0,0.0,0.0,0.0,False,False
1555785127,30.0,0.0,-1.75600004196167,3.0,False,0.0,0.0,0.0,0.0,0.0,0.0,False,False
1555785127,30.0,0.0,-1.752000093460083,3.0,False,0.0,0.0,0.0,0.0,0.0,0.0,False,False
1555785127,30.0,0.0,-1.752000093460083,3.0,False,0.0,0.0,0.0,0.0,0.0,0.0,False,False
1555785128,30.0,0.0,-1.75600004196167,3.0,False,0.0,0.0,0.0,0.0,0.0,0.0,False,False
1555785128,30.0,0.0,-1.752000093460083,3.0,False,0.0,0.0,0.0,0.0,0.0,0.0,False,False
1555785128,30.0,0.0,-1.7480000257492065,3.0,False,0.0,0.0,0.0,0.0,0.0,0.0,False,False
1555785128,30.0,0.0,-1.752000093460083,3.0,False,0.0,0.0,0.0,0.0,0.0,0.0,False,False
1555785129,30.0,0.0,-1.7600001096725464,3.0,False,0.0,0.0,0.0,0.0,0.0,0.0,False,False
1555785129,30.0,0.0,-1.7480000257492065,3.0,False,0.0,0.0,0.0,0.0,0.0,0.0,False,False
1555785129,30.0,0.0,-1.7640000581741333,3.0,False,0.0,0.0,0.0,0.0,0.0,0.0,False,False
1555785130,30.0,0.0,-1.752000093460083,3.0,False,0.0,0.0,0.0,0.0,0.0,0.0,False,False
1555785130,30.0,0.0,-1.752000093460083,3.0,False,0.0,0.0,0.0,0.0,0.0,0.0,False,False
1555785130,30.0,0.0,-1.752000093460083,3.0,False,0.0,0.0,0.0,0.0,0.0,0.0,False,False
1555785130,30.0,0.0,-1.75600004196167,3.0,False,0.0,0.0,0.0,0.0,0.0,0.0,False,False
1555785131,30.0,0.0,-1.7640000581741333,3.0,False,0.0,0.0,0.0,0.0,0.0,0.0,False,False
1555785131,30.0,0.0,-1.75600004196167,3.0,False,0.0,0.0,0.0,0.0,0.0,0.0,False,False
1555785131,30.0,0.0,-1.7640000581741333,3.0,False,0.0,0.0,0.0,0.0,0.0,0.0,False,False
1555785131,30.0,0.0,-1.7640000581741333,3.0,False,0.0,0.0,0.0,0.0,0.0,0.0,False,False
1555785132,30.0,0.0,-1.7640000581741333,3.0,False,0.0,0.0,0.0,0.0,0.0,0.0,False,False
1555785132,30.0,0.0,-1.75600004196167,3.0,False,0.0,0.0,0.0,0.0,0.0,0.0,False,False
1555785132,30.0,0.0,-1.7600001096725464,3.0,False,0.0,0.0,0.0,0.0,0.0,0.0,False,False
1555785132,30.0,0.0,-1.75600004196167,3.0,False,0.0,0.0,0.0,0.0,0.0,0.0,False,False
1555785133,30.0,0.0,-1.7600001096725464,3.0,False,0.0,0.0,0.0,0.0,0.0,0.0,False,False
1555785133,30.0,0.0,-1.7640000581741333,3.0,False,0.0,0.0,0.0,0.0,0.0,0.0,False,False
1555785133,30.0,0.0,-1.7640000581741333,3.0,False,0.0,0.0,0.0,0.0,0.0,0.0,False,False
1555785133,30.0,0.0,-1.7640000581741333,3.0,False,0.0,0.0,0.0,0.0,0.0,0.0,False,False
1555785134,30.0,0.0,-1.7640000581741333,3.0,False,0.0,0.0,0.0,0.0,0.0,0.0,False,False
1555785134,30.0,0.0,-1.752000093460083,3.0,False,0.0,0.0,0.0,0.0,0.0,0.0,False,False
1555785134,30.0,0.0,-1.7600001096725464,3.0,False,0.0,0.0,0.0,0.0,0.0,0.0,False,False
1555785134,30.0,0.0,-1.75600004196167,3.0,False,0.0,0.0,0.0,0.0,0.0,0.0,False,False
1555785135,30.0,0.0,-1.752000093460083,3.0,False,0.0,0.0,0.0,0.0,0.0,0.0,False,False
1555785135,30.0,0.0,-1.7600001096725464,3.0,False,0.0,0.0,0.0,0.0,0.0,0.0,False,False
1555785135,30.0,0.0,-1.7640000581741333,3.0,False,0.0,0.0,0.0,0.0,0.0,0.0,False,False
1555785135,30.0,0.0,-1.75600004196167,3.0,False,0.0,0.0,0.0,0.0,0.0,0.0,False,False
1555785136,30.0,0.0,-1.7600001096725464,3.0,False,0.0,0.0,0.0,0.0,0.0,0.0,False,False
1555785136,30.0,0.0,-1.7600001096725464,3.0,False,0.0,0.0,0.0,0.0,0.0,0.0,False,False
1555785136,30.0,0.0,-1.7600001096725464,3.0,False,0.0,0.0,0.0,0.0,0.0,0.0,False,False
1555785137,30.0,0.0,-1.7640000581741333,3.0,False,0.0,0.0,0.0,0.0,0.0,0.0,False,False
1555785137,30.0,0.0,-1.75600004196167,3.0,False,0.0,0.0,0.0,0.0,0.0,0.0,False,False
1555785137,30.0,0.0,-1.7640000581741333,3.0,False,0.0,0.0,0.0,0.0,0.0,0.0,False,False
1555785137,30.0,0.0,-1.75600004196167,3.0,False,0.0,0.0,0.0,0.0,0.0,0.0,False,False
1555785138,30.0,0.0,-1.75600004196167,3.0,False,0.0,0.0,0.0,0.0,0.0,0.0,False,False
1555785138,30.0,0.0,-1.7480000257492065,3.0,False,0.0,0.0,0.0,0.0,0.0,0.0,False,False
1555785138,30.0,0.0,-1.75600004196167,3.0,False,0.0,0.0,0.0,0.0,0.0,0.0,False,False
1555785138,30.0,0.0,-1.7440000772476196,3.0,False,0.0,0.0,0.0,0.0,0.0,0.0,False,False
1555785139,30.0,0.0,-1.752000093460083,3.0,False,0.0,0.0,0.0,0.0,0.0,0.0,False,False
1555785139,30.0,0.0,-1.7600001096725464,3.0,False,0.0,0.0,0.0,0.0,0.0,0.0,False,False
1555785139,30.0,0.0,-1.75600004196167,3.0,False,0.0,0.0,0.0,0.0,0.0,0.0,False,False
1555785139,30.0,0.0,-1.752000093460083,3.0,False,0.0,0.0,0.0,0.0,0.0,0.0,False,False
1555785140,30.0,0.0,-1.7600001096725464,3.0,False,0.0,0.0,0.0,0.0,0.0,0.0,False,False
1555785140,30.0,0.0,-1.75600004196167,3.0,False,0.0,0.0,0.0,0.0,0.0,0.0,False,False
1555785140,30.0,0.0,-1.75600004196167,3.0,False,0.0,0.0,0.0,0.0,0.0,0.0,False,False
1555785140,30.0,0.0,-1.752000093460083,3.0,False,0.0,0.0,0.0,0.0,0.0,0.0,False,False
1555785141,30.0,0.0,-1.7440000772476196,3.0,False,0.0,0.0,0.0,0.0,0.0,0.0,False,False
1555785141,30.0,0.0,-1.752000093460083,3.0,False,0.0,0.0,0.0,0.0,0.0,0.0,False,False
1555785141,30.0,0.0,-1.7480000257492065,3.0,False,0.0,0.0,0.0,0.0,0.0,0.0,False,False
1555785141,30.0,0.0,-1.75600004196167,3.0,False,0.0,0.0,0.0,0.0,0.0,0.0,False,False
1555785142,30.0,0.0,-1.7480000257492065,3.0,False,0.0,0.0,0.0,0.0,0.0,0.0,False,False
1555785142,30.0,0.0,-1.752000093460083,3.0,False,0.0,0.0,0.0,0.0,0.0,0.0,False,False
1555785142,30.0,0.0,-1.752000093460083,3.0,False,0.0,0.0,0.0,0.0,0.0,0.0,False,False
1555785142,30.0,0.0,-1.7640000581741333,3.0,False,0.0,0.0,0.0,0.0,0.0,0.0,False,False
1555785143,30.0,0.0,-1.75600004196167,3.0,False,0.0,0.0,0.0,0.0,0.0,0.0,False,False
1555785143,30.0,0.0,-1.7600001096725464,3.0,False,0.0,0.0,0.0,0.0,0.0,0.0,False,False
1555785143,30.0,0.0,-1.75600004196167,3.0,False,0.0,0.0,0.0,0.0,0.0,0.0,False,False
1555785143,30.0,0.0,-1.75600004196167,3.0,False,0.0,0.0,0.0,0.0,0.0,0.0,False,False
1555785144,30.0,0.0,-1.7480000257492065,3.0,False,0.0,0.0,0.0,0.0,0.0,0.0,False,False
1555785144,30.0,0.0,-1.752000093460083,3.0,False,0.0,0.0,0.0,0.0,0.0,0.0,False,False
1555785144,30.0,0.0,-1.7640000581741333,3.0,False,0.0,0.0,0.0,0.0,0.0,0.0,False,False
1555785145,30.0,0.0,-1.752000093460083,3.0,False,0.0,0.0,0.0,0.0,0.0,0.0,False,False
1555785145,30.0,0.0,-1.7600001096725464,3.0,False,0.0,0.0,0.0,0.0,0.0,0.0,False,False
1555785145,30.0,0.0,-1.75600004196167,3.0,False,0.0,0.0,0.0,0.0,0.0,0.0,False,False
1555785145,30.0,0.0,-1.75600004196167,3.0,False,0.0,0.0,0.0,0.0,0.0,0.0,False,False
1555785146,30.0,0.0,-1.7480000257492065,3.0,False,0.0,0.0,0.0,0.0,0.0,0.0,False,False
1555785146,30.0,0.0,-1.752000093460083,3.0,False,0.0,0.0,0.0,0.0,0.0,0.0,False,False
1555785146,30.0,0.0,-1.752000093460083,3.0,False,0.0,0.0,0.0,0.0,0.0,0.0,False,False
1555785146,30.0,0.0,-1.752000093460083,3.0,False,0.0,0.0,0.0,0.0,0.0,0.0,False,False
1555785147,30.0,0.0,-1.75600004196167,3.0,False,0.0,0.0,0.0,0.0,0.0,0.0,False,False
1555785147,30.0,0.0,-1.7640000581741333,3.0,False,0.0,0.0,0.0,0.0,0.0,0.0,False,False
1555785147,30.0,0.0,-1.7680001258850098,3.0,False,0.0,0.0,0.0,0.0,0.0,0.0,False,False
1555785147,30.0,0.0,-1.7640000581741333,3.0,False,0.0,0.0,0.0,0.0,0.0,0.0,False,False
1555785148,30.0,0.0,-1.752000093460083,3.0,False,0.0,0.0,0.0,0.0,0.0,0.0,False,False
1555785148,30.0,0.0,-1.75600004196167,3.0,False,0.0,0.0,0.0,0.0,0.0,0.0,False,False
1555785148,30.0,0.0,-1.7680001258850098,3.0,False,0.0,0.0,0.0,0.0,0.0,0.0,False,False
1555785148,30.0,0.0,-1.75600004196167,3.0,False,0.0,0.0,0.0,0.0,0.0,0.0,False,False
1555785149,30.0,0.0,-1.75600004196167,3.0,False,0.0,0.0,0.0,0.0,0.0,0.0,False,False
1555785149,30.0,0.0,-1.7640000581741333,3.0,False,0.0,0.0,0.0,0.0,0.0,0.0,False,False
1555785149,30.0,0.0,-1.7640000581741333,3.0,False,0.0,0.0,0.0,0.0,0.0,0.0,False,False
1555785149,30.0,0.0,-1.7680001258850098,3.0,False,0.0,0.0,0.0,0.0,0.0,0.0,False,False
1555785150,30.0,0.0,-1.78000009059906,3.0,False,0.0,0.0,0.0,0.0,0.0,0.0,False,False
1555785150,30.0,0.0,-1.75600004196167,3.0,False,0.0,0.0,0.0,0.0,0.0,0.0,False,False
1555785150,30.0,0.0,-1.75600004196167,3.0,False,0.0,0.0,0.0,0.0,0.0,0.0,False,False
1555785150,30.0,0.0,-1.7600001096725464,3.0,False,0.0,0.0,0.0,0.0,0.0,0.0,False,False
1555785151,30.0,0.0,-1.7640000581741333,3.0,False,0.0,0.0,0.0,0.0,0.0,0.0,False,False
1555785151,30.0,0.0,-1.752000093460083,3.0,False,0.0,0.0,0.0,0.0,0.0,0.0,False,False
1555785151,30.0,0.0,-1.752000093460083,3.0,False,0.0,0.0,0.0,0.0,0.0,0.0,False,False
1555785152,30.0,0.0,-1.75600004196167,3.0,False,0.0,0.0,0.0,0.0,0.0,0.0,False,False
1555785152,30.0,0.0,-1.7640000581741333,3.0,False,0.0,0.0,0.0,0.0,0.0,0.0,False,False
1555785152,30.0,0.0,-1.75600004196167,3.0,False,0.0,0.0,0.0,0.0,0.0,0.0,False,False
1555785152,30.0,0.0,-1.75600004196167,3.0,False,0.0,0.0,0.0,0.0,0.0,0.0,False,False
1555785153,30.0,0.0,-1.7480000257492065,3.0,False,0.0,0.0,0.0,0.0,0.0,0.0,False,False
1555785153,30.0,0.0,-1.75600004196167,3.0,False,0.0,0.0,0.0,0.0,0.0,0.0,False,False
1555785153,30.0,0.0,-1.752000093460083,3.0,False,0.0,0.0,0.0,0.0,0.0,0.0,False,False
1555785153,30.0,0.0,-1.75600004196167,3.0,False,0.0,0.0,0.0,0.0,0.0,0.0,False,False
1555785154,30.0,0.0,-1.7600001096725464,3.0,False,0.0,0.0,0.0,0.0,0.0,0.0,False,False
1555785154,30.0,0.0,-1.7480000257492065,3.0,False,0.0,0.0,0.0,0.0,0.0,0.0,False,False
1555785154,30.0,0.0,-1.75600004196167,3.0,False,0.0,0.0,0.0,0.0,0.0,0.0,False,False
1555785154,30.0,0.0,-1.7640000581741333,3.0,False,0.0,0.0,0.0,0.0,0.0,0.0,False,False
1555785155,30.0,0.0,-1.7680001258850098,3.0,False,0.0,0.0,0.0,0.0,0.0,0.0,False,False
1555785155,30.0,0.0,-1.752000093460083,3.0,False,0.0,0.0,0.0,0.0,0.0,0.0,False,False
1555785155,30.0,0.0,-1.7640000581741333,3.0,False,0.0,0.0,0.0,0.0,0.0,0.0,False,False
1555785155,30.0,0.0,-1.7600001096725464,3.0,False,0.0,0.0,0.0,0.0,0.0,0.0,False,False
1555785156,30.0,0.0,-1.7640000581741333,3.0,False,0.0,0.0,0.0,0.0,0.0,0.0,False,False
1555785156,30.0,0.0,-1.75600004196167,3.0,False,0.0,0.0,0.0,0.0,0.0,0.0,False,False
1555785156,30.0,0.0,-1.7600001096725464,3.0,False,0.0,0.0,0.0,0.0,0.0,0.0,False,False
1555785156,30.0,0.0,-1.75600004196167,3.0,False,0.0,0.0,0.0,0.0,0.0,0.0,False,False
1555785157,30.0,0.0,-1.7680001258850098,3.0,False,0.0,0.0,0.0,0.0,0.0,0.0,False,False
1555785157,30.0,0.0,-1.752000093460083,3.0,False,0.0,0.0,0.0,0.0,0.0,0.0,False,False
1555785157,30.0,0.0,-1.75600004196167,3.0,False,0.0,0.0,0.0,0.0,0.0,0.0,False,False
1555785157,30.0,0.0,-1.752000093460083,3.0,False,0.0,0.0,0.0,0.0,0.0,0.0,False,False
1555785158,30.0,0.0,-1.75600004196167,3.0,False,0.0,0.0,0.0,0.0,0.0,0.0,False,False
1555785158,30.0,0.0,-1.7640000581741333,3.0,False,0.0,0.0,0.0,0.0,0.0,0.0,False,False
1555785158,30.0,0.0,-1.7680001258850098,3.0,False,0.0,0.0,0.0,0.0,0.0,0.0,False,False
1555785159,30.0,0.0,-1.7480000257492065,3.0,False,0.0,0.0,0.0,0.0,0.0,0.0,False,False
1555785159,30.0,0.0,-1.7640000581741333,3.0,False,0.0,0.0,0.0,0.0,0.0,0.0,False,False
1555785159,30.0,0.0,-1.75600004196167,3.0,False,0.0,0.0,0.0,0.0,0.0,0.0,False,False
1555785159,30.0,0.0,-1.75600004196167,3.0,False,0.0,0.0,0.0,0.0,0.0,0.0,False,False
1555785160,30.0,0.0,-1.752000093460083,3.0,False,0.0,0.0,0.0,0.0,0.0,0.0,False,False
1555785160,30.0,0.0,-1.75600004196167,3.0,False,0.0,0.0,0.0,0.0,0.0,0.0,False,False
1555785160,30.0,0.0,-1.752000093460083,3.0,False,0.0,0.0,0.0,0.0,0.0,0.0,False,False
1555785160,30.0,0.0,-1.7600001096725464,3.0,False,0.0,0.0,0.0,0.0,0.0,0.0,False,False
1555785161,30.0,0.0,-1.7480000257492065,3.0,False,0.0,0.0,0.0,0.0,0.0,0.0,False,False
1555785161,30.0,0.0,-1.7480000257492065,3.0,False,0.0,0.0,0.0,0.0,0.0,0.0,False,False
1555785161,30.0,0.0,-1.752000093460083,3.0,False,0.0,0.0,0.0,0.0,0.0,0.0,False,False
1555785161,30.0,0.0,-1.7480000257492065,3.0,False,0.0,0.0,0.0,0.0,0.0,0.0,False,False
1555785162,30.0,0.0,-1.7480000257492065,3.0,False,0.0,0.0,0.0,0.0,0.0,0.0,False,False
1555785162,30.0,0.0,-1.75600004196167,3.0,False,0.0,0.0,0.0,0.0,0.0,0.0,False,False
1555785162,30.0,0.0,-1.7600001096725464,3.0,False,0.0,0.0,0.0,0.0,0.0,0.0,False,False
1555785162,30.0,0.0,-1.75600004196167,3.0,False,0.0,0.0,0.0,0.0,0.0,0.0,False,False
1555785163,30.0,0.0,-1.7480000257492065,3.0,False,0.0,0.0,0.0,0.0,0.0,0.0,False,False
1555785163,30.0,0.0,-1.75600004196167,3.0,False,0.0,0.0,0.0,0.0,0.0,0.0,False,False
1555785163,30.0,0.0,-1.752000093460083,3.0,False,0.0,0.0,0.0,0.0,0.0,0.0,False,False
1555785163,30.0,0.0,-1.752000093460083,3.0,False,0.0,0.0,0.0,0.0,0.0,0.0,False,False
1555785164,30.0,0.0,-1.7480000257492065,3.0,False,0.0,0.0,0.0,0.0,0.0,0.0,False,False
1555785164,30.0,0.0,-1.752000093460083,3.0,False,0.0,0.0,0.0,0.0,0.0,0.0,False,False
1555785164,30.0,0.0,-1.75600004196167,3.0,False,0.0,0.0,0.0,0.0,0.0,0.0,False,False
1555785164,30.0,0.0,-1.752000093460083,3.0,False,0.0,0.0,0.0,0.0,0.0,0.0,False,False
1555785165,30.0,0.0,-1.75600004196167,3.0,False,0.0,0.0,0.0,0.0,0.0,0.0,False,False
1555785165,30.0,0.0,-1.752000093460083,3.0,False,0.0,0.0,0.0,0.0,0.0,0.0,False,False
1555785165,30.0,0.0,-1.752000093460083,3.0,False,0.0,0.0,0.0,0.0,0.0,0.0,False,False
1555785166,30.0,0.0,-1.7600001096725464,3.0,False,0.0,0.0,0.0,0.0,0.0,0.0,False,False
1555785166,30.0,0.0,-1.75600004196167,3.0,False,0.0,0.0,0.0,0.0,0.0,0.0,False,False
1555785166,30.0,0.0,-1.752000093460083,3.0,False,0.0,0.0,0.0,0.0,0.0,0.0,False,False
1555785166,30.0,0.0,-1.752000093460083,3.0,False,0.0,0.0,0.0,0.0,0.0,0.0,False,False
1555785167,30.0,0.0,-1.752000093460083,3.0,False,0.0,0.0,0.0,0.0,0.0,0.0,False,False
1555785167,30.0,0.0,-1.752000093460083,3.0,False,0.0,0.0,0.0,0.0,0.0,0.0,False,False
1555785167,30.0,0.0,-1.752000093460083,3.0,False,0.0,0.0,0.0,0.0,0.0,0.0,False,False
1555785167,30.0,0.0,-1.7640000581741333,3.0,False,0.0,0.0,0.0,0.0,0.0,0.0,False,False
1555785168,30.0,0.0,-1.75600004196167,3.0,False,0.0,0.0,0.0,0.0,0.0,0.0,False,False
1555785168,30.0,0.0,-1.75600004196167,3.0,False,0.0,0.0,0.0,0.0,0.0,0.0,False,False
1555785168,30.0,0.0,-1.752000093460083,3.0,False,0.0,0.0,0.0,0.0,0.0,0.0,False,False
1555785168,30.0,0.0,-1.7640000581741333,3.0,False,0.0,0.0,0.0,0.0,0.0,0.0,False,False
1555785169,30.0,0.0,-1.7640000581741333,3.0,False,0.0,0.0,0.0,0.0,0.0,0.0,False,False
1555785169,30.0,0.0,-1.7760001420974731,3.0,False,0.0,0.0,0.0,0.0,0.0,0.0,False,False
1555785169,30.0,0.0,-1.7640000581741333,3.0,False,0.0,0.0,0.0,0.0,0.0,0.0,False,False
1555785169,30.0,0.0,-1.7640000581741333,3.0,False,0.0,0.0,0.0,0.0,0.0,0.0,False,False
1555785170,30.0,0.0,-1.7720000743865967,3.0,False,0.0,0.0,0.0,0.0,0.0,0.0,False,False
1555785170,30.0,0.0,-1.752000093460083,3.0,False,0.0,0.0,0.0,0.0,0.0,0.0,False,False
1555785170,30.0,0.0,-1.7880001068115234,3.0,False,0.0,0.0,0.0,0.0,0.0,0.0,False,False
1555785171,30.0,0.0,-1.7640000581741333,3.0,False,0.0,0.0,0.0,0.0,0.0,0.0,False,False
1555785171,30.0,0.0,-1.75600004196167,3.0,False,0.0,0.0,0.0,0.0,0.0,0.0,False,False
1555785171,30.0,0.0,-1.78000009059906,3.0,False,0.0,0.0,0.0,0.0,0.0,0.0,False,False
1555785171,30.0,0.0,-1.7680001258850098,3.0,False,0.0,0.0,0.0,0.0,0.0,0.0,False,False
1555785172,30.0,0.0,-1.7600001096725464,3.0,False,0.0,0.0,0.0,0.0,0.0,0.0,False,False
1555785172,30.0,0.0,-1.7640000581741333,3.0,False,0.0,0.0,0.0,0.0,0.0,0.0,False,False
1555785172,30.0,0.0,-1.7640000581741333,3.0,False,0.0,0.0,0.0,0.0,0.0,0.0,False,False
1555785172,30.0,0.0,-1.7720000743865967,3.0,False,0.0,0.0,0.0,0.0,0.0,0.0,False,False
1555785173,30.0,0.0,-1.7640000581741333,3.0,False,0.0,0.0,0.0,0.0,0.0,0.0,False,False
1555785173,30.0,0.0,-1.7640000581741333,3.0,False,0.0,0.0,0.0,0.0,0.0,0.0,False,False
1555785173,30.0,0.0,-1.75600004196167,3.0,False,0.0,0.0,0.0,0.0,0.0,0.0,False,False
1555785173,30.0,0.0,-1.7640000581741333,3.0,False,0.0,0.0,0.0,0.0,0.0,0.0,False,False
1555785174,30.0,0.0,-1.7880001068115234,3.0,False,0.0,0.0,0.0,0.0,0.0,0.0,False,False
1555785174,30.0,0.0,-1.7640000581741333,3.0,False,0.0,0.0,0.0,0.0,0.0,0.0,False,False
1555785174,30.0,0.0,-1.7680001258850098,3.0,False,0.0,0.0,0.0,0.0,0.0,0.0,False,False
